<modification>
	<name>Category add field menu</name>
	<code>Category add field menu</code>
	<version>1.0</version>
	<author>Folder Kotlyarov Sergey</author>
	<link>https://skillcode.ru</link>
	<file path="admin/model/catalog/category.php">
		<operation  error="skip">
			<search ><![CDATA[$this->db->query("INSERT INTO " . DB_PREFIX . "category_description SET category_id = '" . (int)$category_id . "', language_id = '" . (int)$language_id . "', name = '" . $this->db->escape($value['name']) . "', description = '" . $this->db->escape($value['description']) . "', meta_title = '" . $this->db->escape($value['meta_title']) . "', meta_description = '" . $this->db->escape($value['meta_description']) . "', meta_keyword = '" . $this->db->escape($value['meta_keyword']) . "'");]]></search>
			<add position="after" ><![CDATA[
				// Category add field * * * Start
				$sql = "SELECT *  FROM information_schema.columns 
							WHERE table_schema = '".DB_DATABASE."'
							  AND table_name   = '" . DB_PREFIX . "category_description'
							  AND column_name  = 'menu'";
							  
				$r = $this->db->query($sql);
				
				if($r->num_rows == 0){
					$sql = "ALTER TABLE " . DB_PREFIX . "category_description ADD COLUMN menu VARCHAR(255) NOT NULL AFTER category_id;";
					$this->db->query($sql);
				}
				
				if (isset($value['menu'])) {
					$sql = "UPDATE `" . DB_PREFIX . "category_description` SET `menu` = '" . $this->db->escape($value['menu']) . "' WHERE category_id = '" . (int)$category_id . "' AND language_id = '" . (int)$language_id . "'";
					$this->db->query($sql);
				}
				// Category add field * * * End
					  ]]></add>
		</operation>

		<operation  error="skip">
			<search><![CDATA['meta_title'       => $result['meta_title'],]]></search>
			<add position="after" ><![CDATA[
				// Category add field  * * * Start
				'menu'       => $result['menu'],
				// Category add field  * * * End
					  ]]></add>
		</operation>
	</file>
	<file path="admin/view/template/catalog/category_form.tpl">
		<operation  error="skip">
			<search index="0"><![CDATA[<div class="tab-pane" id="language<?php echo $language['language_id']; ?>">]]></search>
			<add position="after" ><![CDATA[
				<!-- Category add field * * * Start -->
                  <div class="form-group required">
                    <label class="col-sm-2 control-label" for="input-menu<?php echo $language['language_id']; ?>">Для меню</label>
                    <div class="col-sm-10">
                      <input type="text" name="category_description[<?php echo $language['language_id']; ?>][menu]" value="<?php echo isset($category_description[$language['language_id']]) ? $category_description[$language['language_id']]['menu'] : ''; ?>" placeholder="<?php echo $entry_name; ?>" id="input-menu<?php echo $language['language_id']; ?>" class="form-control" />
                    </div>
                  </div>
 				<!-- Category add field * * * End -->
					  ]]></add>
		</operation>
	</file>	
</modification>

