<modification>
	<name>Folder news </name>
	<code>Folder_News</code>
	<version>1.0</version>
	<author>Folder Kotlyarov Sergey</author>
	<link>https://skillcode.ru</link>
	<file path="admin/controller/common/column_left.php">
		<operation  error="skip">
			<search index="0"><![CDATA[if ($this->user->hasPermission('access', 'extension/event')) {]]></search>
			<add position="after" ><![CDATA[
				// Folder new * * * Start
				if ($this->user->hasPermission('access', 'extension/news')) {
					$extension[] = array(
						'name'	   => 'News',
						'href'     => $this->url->link('extension/news', 'token=' . $this->session->data['token'], true),
						'children' => array()		
					);
				}
				// Folder new * * * End
					  ]]></add>
		</operation>
	</file>
	<file path="catalog/controller/common/footer.php">
		<operation  error="skip">
			<search index="0"><![CDATA[$data['text_account'] = $this->language->get('text_account');]]></search>
			<add position="after" ><![CDATA[
				// Folder new * * * Start
				$data['news'] = $this->url->link('information/news');
				$data['text_news'] = $this->language->get('text_news');
				// Folder new * * * End
					  ]]></add>
		</operation>
	</file>
	<file name="catalog/controller/startup/seo_url.php">
		<operation error="skip">
			<search index="0"><![CDATA[if ($url[0] == 'information_id') {]]></search>
			<add position="before"><![CDATA[
				// Folder new * * * Start
				if ($url[0] == 'news_id') {
					$this->request->get['news_id'] = $url[1];
				}
				// Folder new * * * End
			]]></add>
		</operation>
		<operation error="skip">
			<search trim="true" index="0"><![CDATA[} elseif (isset($this->request->get['information_id'])) {]]></search>
			<add position="before"><![CDATA[
				// Folder new * * * Start
				} elseif (isset($this->request->get['news_id'])) {
					$this->request->get['route'] = 'information/news/news';
				// Folder new * * * End
			]]></add>
		</operation>
		<operation error="skip">
			<search trim="true" index="0"><![CDATA[if (($data['route'] == 'product/product' && $key == 'product_id') || (($data['route'] == 'product/manufacturer/info' || $data['route'] == 'product/product') && $key == 'manufacturer_id') || ($data['route'] == 'information/information' && $key == 'information_id')) {]]></search>
			<add position="replace"><![CDATA[
				// Folder new * * * Start
				if (($data['route'] == 'information/news/news' && $key == 'news_id') || ($data['route'] == 'product/product' && $key == 'product_id') || (($data['route'] == 'product/manufacturer/info' || $data['route'] == 'product/product') && $key == 'manufacturer_id') || ($data['route'] == 'information/information' && $key == 'information_id')) {
				// Folder new * * * End
			]]></add>
		</operation>
		<operation error="skip">
			<search trim="true" index="0"><![CDATA[if ($query->row['query'] && $url[0] != 'information_id' && $url[0] != 'manufacturer_id' && $url[0] != 'category_id' && $url[0] != 'product_id') {]]></search>
			<add position="replace"><![CDATA[
				// Folder new * * * Start
				if ($query->row['query'] && $url[0] != 'information_id' && $url[0] != 'manufacturer_id' && $url[0] != 'category_id' && $url[0] != 'product_id' && $url[0] != 'news_id') {
				// Folder new * * * End
			]]></add>
		</operation>
	</file>
	<file name="catalog/view/theme/default/template/common/footer.tpl">
		<operation error="skip">
			<search index="0"><![CDATA[
				<li><a href="<?php echo $voucher; ?>"><?php echo $text_voucher; ?></a></li>
			]]></search>
			<add position="before"><![CDATA[
				<!-- Folder new * * * Start -->
				<li><a href="<?php echo $news; ?>"><?php echo $text_news; ?></a></li>
				<!-- Folder new * * * End -->
			]]></add>
		</operation>
	</file>
	<file path="catalog/language/*/common/footer.php">
		<operation  error="skip">
			<search index="1"><![CDATA[$_]]></search>
			<add position="after" ><![CDATA[
				// Folder new * * * Start
				$_['text_news'] = 'News';
				// Folder new * * * End
					  ]]></add>
		</operation>
	</file>
</modification>

