<modification>
	<name>One page checkout</name>
	<version>1.5-Toka_mod</version>
	<link>http://web-andryshka.ru/</link>
	<author>Andrey Derevjanko, mod by Eetu Salpaharju</author>
	<code>One_page_checkout</code>

	<file path="catalog/controller/common/cart.php">
		<operation>
			<search index="0"><![CDATA[	$data['checkout'] = $this->url->link('checkout/checkout', '', true); ]]></search>
			<add position="replace" ><![CDATA[ $data['checkout'] = $this->url->link('checkout/onepagecheckout', '', true);	]]></add>
		</operation>
	</file>
	<file path="catalog/controller/common/header.php">
		<operation>
			<search index="0"><![CDATA[	$data['checkout'] = $this->url->link('checkout/checkout', '', true); ]]></search>
			<add position="replace" ><![CDATA[ $data['checkout'] = $this->url->link('checkout/onepagecheckout', '', true);	]]></add>
		</operation>
	</file>
	<file path="catalog/controller/checkout/cart.php">
		<operation>
			<search index="0"><![CDATA[	$data['checkout'] = $this->url->link('checkout/checkout', '', true); ]]></search>
			<add position="replace" ><![CDATA[ $data['checkout'] = $this->url->link('checkout/onepagecheckout', '', true);	]]></add>
		</operation>
	</file>
</modification>
