<?xml version="1.0" encoding="utf-8"?>
<modification>
	<code>9638944527</code>
    <name>Buy One Click for OpenCart 2.0.x, 2.1.x, 2.2.x</name>
    <version>2.9.0</version>
    <author>Domus159@gmail.com</author>
    <link>http://ocshop.xdomus.ru/buy_one_click.htm</link>
    <file path="catalog/controller/common/header.php">
        <operation>
            <search>
				<![CDATA[
					$data['telephone'] = $this->config->get('config_telephone');
				]]>
			</search>
            <add position="after">
				<![CDATA[
					$data['buyoneclick_status'] = $this->config->get('buyoneclick_status');
					$data['buyoneclick_status_category'] = $this->config->get('buyoneclick_status_category');
				
					$data['buyoneclick_style_status'] = $this->config->get('buyoneclick_style_status');
					$data['buyoneclick_validation_status'] = $this->config->get('buyoneclick_validation_status');
					$data['buyoneclick_validation_type'] = $this->config->get('buyoneclick_validation_type');

					$data['buyoneclick_ya_status'] = $this->config->get('buyoneclick_ya_status');
					$data['buyoneclick_ya_counter'] = $this->config->get('buyoneclick_ya_counter');
					$data['buyoneclick_ya_identificator'] = $this->config->get('buyoneclick_ya_identificator');

					$data['buyoneclick_google_status'] = $this->config->get('buyoneclick_google_status');
					$data['buyoneclick_google_category'] = $this->config->get('buyoneclick_google_category');
					$data['buyoneclick_google_action'] = $this->config->get('buyoneclick_google_action');
				]]>
			</add>
        </operation>
    </file>
    <file path="catalog/view/theme/*/template/common/header.tpl">
        <operation>
            <search>
				<![CDATA[
					</head>
				]]>
			</search>
            <add position="before"><![CDATA[
				<?php if ($buyoneclick_status || $buyoneclick_status_category) { ?>
					<script src="catalog/view/javascript/buyoneclick.js" type="text/javascript"></script>
					<?php if ($buyoneclick_validation_status) { ?>
						<script src="catalog/view/javascript/jquery.mask.min.js" type="text/javascript"></script>
						<script>
							$(document).ready(function(){
								$('#order_popup_phone').mask('<?php echo $buyoneclick_validation_type; ?>');
							});
						</script>
					<?php } ?>
					<?php if ($buyoneclick_ya_status || $buyoneclick_google_status) { ?>
						<script>
							function clickAnalytic(){
								<?php if ($buyoneclick_ya_status) { ?>
									yaCounter<?=$buyoneclick_ya_counter?>.reachGoal('<?=$buyoneclick_ya_identificator?>');
								<?php } ?>
								<?php if ($buyoneclick_google_status) { ?>
									ga('send', 'event', '<?=$buyoneclick_google_category?>', '<?=$buyoneclick_google_action?>');
								<?php } ?>
								return true;
							}
						</script>
					<?php } ?>
					<?php if ($buyoneclick_style_status) { ?><link href="catalog/view/theme/default/stylesheet/buyoneclick.css" rel="stylesheet"><?php } ?>
					<style>
						#order .input-group.has-error input, #order .form-group.has-error textarea {
						   background: #ff6666;
						   color:#fff;
						}
						#order .checkbox {
							padding: 0.25em 0.5em;
							border: 1px solid transparent;
						}
						#order .checkbox label {
							color:#ff9999;
						}
						#order .checkbox label a {
							color: #ff9999;
							border-bottom: 1px dotted #ff9999;
						}

						#order .checkbox.has-error {
							border: 1px solid #cc0000;
							border-radius: 0.25em;
						}
						#order .checkbox.has-error label {
							color:#ff9999;
						}						
						@media (max-width: 767px) {
							#additional_field {
								margin-bottom:1em;
							}
						}
					</style>
				<?php } ?>
            ]]></add>
        </operation>
    </file>
    <file path="catalog/controller/product/product.php">
        <operation>
            <search>
				<![CDATA[
					$data['header'] = $this->load->controller('common/header');
				]]>
			</search>
            <add position="after"><![CDATA[
				// BuyOneClick
				$this->load->model('setting/setting');
				$current_language_id = $this->config->get('config_language_id');
				$data['buyoneclick_name'] = $this->config->get('buyoneclick_name_'.$current_language_id);
				$data['buyoneclick_preorder_name'] = $this->config->get('buyoneclick_preorder_name_'.$current_language_id);
				$data['buyoneclick_success_field'] = htmlspecialchars_decode($this->config->get('buyoneclick_success_field_'.$current_language_id));
				$data['buyoneclick_additional_field'] = htmlspecialchars_decode($this->config->get('buyoneclick_additional_field_'.$current_language_id));
				$data['buyoneclick_additional_field_required'] = $this->config->get('buyoneclick_additional_field_required_'.$current_language_id);
				$data['buyoneclick_status'] = $this->config->get('buyoneclick_status');
				$data['buyoneclick_status_category'] = $this->config->get('buyoneclick_status_category');
				$data['buyoneclick_img_status'] = $this->config->get('buyoneclick_img_status');
				$data['buyoneclick_field1_status'] = $this->config->get('buyoneclick_field1_status');
				$data['buyoneclick_field1_required'] = $this->config->get('buyoneclick_field1_required');
				$data['buyoneclick_field2_status'] = $this->config->get('buyoneclick_field2_status');
				$data['buyoneclick_field2_required'] = $this->config->get('buyoneclick_field2_required');
				$data['buyoneclick_field3_status'] = $this->config->get('buyoneclick_field3_status');
				$data['buyoneclick_field3_required'] = $this->config->get('buyoneclick_field3_required');
				$data['buyoneclick_field4_status'] = $this->config->get('buyoneclick_field4_status');
				$data['buyoneclick_field4_required'] = $this->config->get('buyoneclick_field4_required');
				$data['buyoneclick_validation_status'] = $this->config->get('buyoneclick_validation_status');
				$data['buyoneclick_validation_type'] = $this->config->get('buyoneclick_validation_type');				

				$data['buyoneclick_ya_status'] = $this->config->get('buyoneclick_ya_status');
				$data['buyoneclick_google_status'] = $this->config->get('buyoneclick_google_status');

				$data['buyoneclick_admin_email'] = $this->config->get('config_email');
				$this->load->language('module/buyoneclick');
				$data['buyoneclick_button'] = $this->language->get('buyoneclick_button');
				if ($data['buyoneclick_success_field'] == '') {
					$data['buyoneclick_success_field'] = $this->language->get('buyoneclick_success');
				}
				$data['buyoneclick_field1_title'] = $this->language->get('buyoneclick_field1_title');
				$data['buyoneclick_field2_title'] = $this->language->get('buyoneclick_field2_title');
				$data['buyoneclick_field3_title'] = $this->language->get('buyoneclick_field3_title');
				$data['buyoneclick_field4_title'] = $this->language->get('buyoneclick_field4_title');
				$data['buyoneclick_button_order'] = $this->language->get('buyoneclick_button_order');
				$data['buyoneclick_required_text'] = $this->language->get('buyoneclick_required_text');
				$data['buyoneclick_error_required'] = $this->language->get('buyoneclick_error_required');
				$data['buyoneclick_error_sending'] = $this->language->get('buyoneclick_error_sending');
				
				$data['buyoneclick_agree_status'] = $this->config->get('buyoneclick_agree_status');
				if ($this->config->get('buyoneclick_agree_status')) {
					$this->load->model('catalog/information');
					$information_info = $this->model_catalog_information->getInformation($this->config->get('buyoneclick_agree_status'));
					if ($information_info) {
						$data['buyoneclick_text_agree'] = sprintf($this->language->get('buyoneclick_text_agree'), $this->url->link('information/information/agree', 'information_id=' . $this->config->get('buyoneclick_agree_status'), 'SSL'), $information_info['title'], $information_info['title']);
					} else {
						$data['buyoneclick_text_agree'] = '';
					}
				} else {
					$data['buyoneclick_text_agree'] = '';
				}				
				
				// BuyOneClickEnd
            ]]></add>
        </operation>
        <operation>
            <search>
				<![CDATA[
					$data['description'] = html_entity_decode($product_info['description'], ENT_QUOTES, 'UTF-8');
				]]>
			</search>
            <add position="after">
				<![CDATA[
					$data['in_stock'] = $product_info['quantity'];
				]]>
			</add>
        </operation>
    </file>
    <file path="catalog/view/theme/*/template/product/product.tpl">
        <operation>
            <search>
				<![CDATA[
					<li><?php echo $text_stock; ?> <?php echo $stock; ?></li>
				]]>
			</search>
            <add position="after">
				<![CDATA[
					<?php if ($buyoneclick_status) { ?>
						<li id="in_stock" style="display:none;"><?php echo $in_stock; ?></li>
					<?php }	?>
				]]>
			</add>
        </operation>
        <operation>
            <search>
				<![CDATA[
					<button type="button" id="button-cart" data-loading-text="<?php echo $text_loading; ?>" class="btn btn-primary btn-lg btn-block"><?php echo $button_cart; ?></button>
				]]>
			</search>
            <add position="after">
				<![CDATA[
					<?php if ($buyoneclick_status) { ?>
						<br />
						<?php if ($in_stock > 0) { ?>
							<button type="button" data-loading-text="<?php echo $text_loading; ?>" class="btn btn-primary btn-lg btn-block order" <?php if ($buyoneclick_ya_status || $buyoneclick_google_status) { ?> onClick="clickAnalytic(); return true;" <?php } ?> data-toggle="modal" data-target="#order" data-product="<?php echo $heading_title; ?>"><?php echo $buyoneclick_name; ?></button>
						<?php } else { ?>
							<button type="button" data-loading-text="<?php echo $text_loading; ?>" class="btn btn-primary btn-lg btn-block order" <?php if ($buyoneclick_ya_status || $buyoneclick_google_status) { ?> onClick="clickAnalytic(); return true;" <?php } ?> data-toggle="modal" data-target="#order" data-product="<?php echo $heading_title; ?>"><?php echo $buyoneclick_preorder_name; ?></button>
						<?php }	?>
					<?php }	?>
				]]>
			</add>
        </operation>
        <operation>
            <search>
				<![CDATA[
					<?php echo $footer; ?>
				]]>
			</search>
            <add position="before"><![CDATA[
				<?php if ($buyoneclick_status) { ?>
					<div id="order" class="modal fade">
						<div class="modal-dialog">
							<div class="modal-content">
								<form id="order-form" action="send-order.php" role="form">
									<fieldset>
								<div class="modal-header">
									<button class="close" type="button" data-dismiss="modal">×</button>
									<h2 class="modal-title">Заказ</h2>
								</div>
								<div class="modal-body">
								<?php if ($buyoneclick_img_status) { ?>
										<div id="additional_field" class="col-sm-5">
											<div class="thumbnail">
												<img src="<?php echo $thumb; ?>" class="img-responsive" title="<?php echo $heading_title; ?>" alt="<?php echo $heading_title; ?>" />
											</div>
											<div class="price text-center">
												<?php if ($price) { ?>
												<?php if (!$special) { ?>
													<h3><?php echo $price; ?></h3>
												<?php } else { ?>
													<h3><?php echo $special; ?></h3>
												<?php } } ?>
											</div>
										</div>
										<div class="col-sm-7">
								<?php } else if ($buyoneclick_additional_field_required) { ?>
										<div id="additional_field" class="col-sm-5">
											<?php echo $buyoneclick_additional_field; ?>
										</div>
										<div class="col-sm-7">
								<?php } else { ?>
										<div class="col-sm-12">
								<?php } ?>
											<div style="display:none">
												<input id="order_admin_email" type="text" name="admin_email" value="<?php echo $buyoneclick_admin_email; ?>">
											</div>
											<div style="display:none">
												<input id="order_product" type="text" name="product">
											</div>
											<?php if ($buyoneclick_field1_status) { ?>
												<div class="input-group<?php if ($buyoneclick_field1_required) { echo ' has-warning';} ?>">
													<span class="input-group-addon"><i class="fa fa-fw fa-user" aria-hidden="true"></i></span>
													<input id="order_popup_name" class="form-control<?php if ($buyoneclick_field1_required) { echo ' required';} ?>" type="text" name="name" placeholder="<?php echo $buyoneclick_field1_title; ?>">
												</div>
												<br />
											<?php } ?>
											<?php if ($buyoneclick_field2_status) { ?>
												<div class="input-group<?php if ($buyoneclick_field2_required) { echo ' has-warning';} ?>">
													<span class="input-group-addon"><i class="fa fa-fw fa-phone-square" aria-hidden="true"></i></span>
													<input id="order_popup_phone" class="form-control<?php if ($buyoneclick_field2_required) { echo ' required';} ?>" type="tel" name="phone" placeholder="<?php if ($buyoneclick_validation_status) { echo $buyoneclick_validation_type; } else { echo $buyoneclick_field2_title; } ?>"<?php if ($buyoneclick_validation_status) {echo ' data-pattern="true"';} else {echo ' data-pattern="false"';} ?>>
												</div>
												<br />
											<?php } ?>
											<?php if ($buyoneclick_field3_status) { ?>
												<div class="input-group<?php if ($buyoneclick_field3_required) { echo ' has-warning';} ?>">
													<span class="input-group-addon"><i class="fa fa-fw fa-envelope" aria-hidden="true"></i></span>
													<input id="order_popup_email" class="form-control<?php if ($buyoneclick_field3_required) { echo ' required';} ?>" type="email" name="email" placeholder="<?php echo $buyoneclick_field3_title; ?>">
												</div>
												<br />
											<?php } ?>
											<?php if ($buyoneclick_field4_status) { ?>
												<div class="form-group<?php if ($buyoneclick_field4_required) { echo ' has-warning';} ?>">
													<textarea id="order_popup_message" class="form-control<?php if ($buyoneclick_field4_required) { echo ' required';} ?>" name="message" rows="3" placeholder="<?php echo $buyoneclick_field4_title; ?>" ></textarea>
												</div>
											<?php } ?>
											<?php if ($buyoneclick_agree_status !=0) { ?>
												<div class="checkbox">
													<label>
														<input id="checkbox_agree" type="checkbox" name="order_popup_agree" class="required" value="1"> <?=$buyoneclick_text_agree;?> 
													</label>
												</div>
											<?php } ?>
										</div>
										<div class="clearfix"></div>
								</div>
								<div class="modal-footer">
									<div class="col-sm-2 hidden-xs">
									</div>
									<div class="col-sm-8 col-xs-12">
										<button type="submit" class="btn btn-lg btn-block btn-default"><?php echo $buyoneclick_button_order; ?></button>
									</div>
									<div class="col-sm-2 hidden-xs">
									</div>
								</div>
									</fieldset>
								</form>
							</div>
						</div>
					</div>
					<div id="success" class="modal fade">
						<div class="modal-dialog">
							<div class="modal-content">
								<div class="modal-body">
									<div class="text-center"><?php echo $buyoneclick_success_field; ?></div>
								</div>
							</div>
						</div>
					</div>
					<script>
						$(document).ready(function() {
							// console.log($("#in_stock").text());
							$(".btn.order").click(function(){
								var product_name = $(this).attr('data-product');
								var product_url = window.location.href;
								$("#order").find("h2.modal-title").text(product_name);
								$("#order").find('input[name="product"]').val("<a href='" + product_url + "'>" + product_name + "</a>");
								// console.log(product_name);
							});
						});
					</script>
				<?php } ?>
            ]]></add>
        </operation>
    </file>
    <file path="catalog/controller/product/category.php">
        <operation>
            <search>
				<![CDATA[
					$data['header'] = $this->load->controller('common/header');
				]]>
			</search>
            <add position="after"><![CDATA[
				// BuyOneClick
				$this->load->model('setting/setting');
				$current_language_id = $this->config->get('config_language_id');
				$data['buyoneclick_name'] = $this->config->get('buyoneclick_name_'.$current_language_id);
				$data['buyoneclick_preorder_name'] = $this->config->get('buyoneclick_preorder_name_'.$current_language_id);
				$data['buyoneclick_additional_field'] = htmlspecialchars_decode($this->config->get('buyoneclick_additional_field_'.$current_language_id));
				$data['buyoneclick_additional_field_required'] = $this->config->get('buyoneclick_additional_field_required_'.$current_language_id);
				$data['buyoneclick_success_field'] = htmlspecialchars_decode($this->config->get('buyoneclick_success_field_'.$current_language_id));
				$data['buyoneclick_status'] = $this->config->get('buyoneclick_status');
				$data['buyoneclick_status_category'] = $this->config->get('buyoneclick_status_category');
				$data['buyoneclick_img_status'] = $this->config->get('buyoneclick_img_status');
				$data['buyoneclick_field1_status'] = $this->config->get('buyoneclick_field1_status');
				$data['buyoneclick_field1_required'] = $this->config->get('buyoneclick_field1_required');
				$data['buyoneclick_field2_status'] = $this->config->get('buyoneclick_field2_status');
				$data['buyoneclick_field2_required'] = $this->config->get('buyoneclick_field2_required');
				$data['buyoneclick_field3_status'] = $this->config->get('buyoneclick_field3_status');
				$data['buyoneclick_field3_required'] = $this->config->get('buyoneclick_field3_required');
				$data['buyoneclick_field4_status'] = $this->config->get('buyoneclick_field4_status');
				$data['buyoneclick_validation_status'] = $this->config->get('buyoneclick_validation_status');
				$data['buyoneclick_validation_type'] = $this->config->get('buyoneclick_validation_type');
				$data['buyoneclick_field4_required'] = $this->config->get('buyoneclick_field4_required');

				$data['buyoneclick_ya_status'] = $this->config->get('buyoneclick_ya_status');
				$data['buyoneclick_google_status'] = $this->config->get('buyoneclick_google_status');

				$data['buyoneclick_admin_email'] = $this->config->get('config_email');
				$this->load->language('module/buyoneclick');
				$data['buyoneclick_button'] = $this->language->get('buyoneclick_button');
				if ($data['buyoneclick_success_field'] == '') {
					$data['buyoneclick_success_field'] = $this->language->get('buyoneclick_success');
				}
				$data['buyoneclick_field1_title'] = $this->language->get('buyoneclick_field1_title');
				$data['buyoneclick_field2_title'] = $this->language->get('buyoneclick_field2_title');
				$data['buyoneclick_field3_title'] = $this->language->get('buyoneclick_field3_title');
				$data['buyoneclick_field4_title'] = $this->language->get('buyoneclick_field4_title');
				$data['buyoneclick_button_order'] = $this->language->get('buyoneclick_button_order');
				$data['buyoneclick_required_text'] = $this->language->get('buyoneclick_required_text');
				$data['buyoneclick_error_required'] = $this->language->get('buyoneclick_error_required');
				$data['buyoneclick_error_sending'] = $this->language->get('buyoneclick_error_sending');
				
				$data['buyoneclick_agree_status'] = $this->config->get('buyoneclick_agree_status');
				if ($this->config->get('buyoneclick_agree_status')) {
					$this->load->model('catalog/information');
					$information_info = $this->model_catalog_information->getInformation($this->config->get('buyoneclick_agree_status'));
					if ($information_info) {
						$data['buyoneclick_text_agree'] = sprintf($this->language->get('buyoneclick_text_agree'), $this->url->link('information/information/agree', 'information_id=' . $this->config->get('buyoneclick_agree_status'), 'SSL'), $information_info['title'], $information_info['title']);
					} else {
						$data['buyoneclick_text_agree'] = '';
					}
				} else {
					$data['buyoneclick_text_agree'] = '';
				}				
				// BuyOneClickEnd
            ]]></add>
        </operation>
    </file>
    <file path="catalog/view/theme/*/template/product/category.tpl">
        <operation>
            <search>
				<![CDATA[
					<?php echo $footer; ?>
				]]>
			</search>
            <add position="before"><![CDATA[
				<?php if ($buyoneclick_status_category) { ?>
					<div id="order" class="modal fade">
						<div class="modal-dialog">
							<div class="modal-content">
								<form id="order-form" action="send-order.php" role="form">
									<fieldset>
								<div class="modal-header">
									<button class="close" type="button" data-dismiss="modal">×</button>
									<h2 class="modal-title">Заказ</h2>
								</div>
								<div class="modal-body">
									<?php if ($buyoneclick_img_status) { ?>
											<div id="additional_field" class="col-sm-5">
												<div class="thumbnail">
													<img src="" class="img-responsive" title="<?php echo $heading_title; ?>" alt="<?php echo $heading_title; ?>" />
												</div>
												<div class="price text-center">
													<h3></h3>
												</div>
											</div>
											<div class="col-sm-7">
									<?php } else if ($buyoneclick_additional_field_required) { ?>
											<div id="additional_field" class="col-sm-5">
												<?php echo $buyoneclick_additional_field; ?>
											</div>
											<div class="col-sm-7">
									<?php } else { ?>
										<div class="col-sm-12">
									<?php } ?>
											<div style="display:none">
												<input id="order_admin_email" type="text" name="admin_email" value="<?php echo $buyoneclick_admin_email; ?>">
											</div>
											<div style="display:none">
												<input id="order_product" type="text" name="product">
											</div>
											<?php if ($buyoneclick_field1_status) { ?>
												<div class="input-group<?php if ($buyoneclick_field1_required) { echo ' has-warning';} ?>">
													<span class="input-group-addon"><i class="fa fa-fw fa-user" aria-hidden="true"></i></span>
													<input id="order_popup_name" class="form-control<?php if ($buyoneclick_field1_required) { echo ' required';} ?>" type="text" name="name" placeholder="<?php echo $buyoneclick_field1_title; ?>">
												</div>
												<br />
											<?php } ?>
											<?php if ($buyoneclick_field2_status) { ?>
												<div class="input-group<?php if ($buyoneclick_field2_required) { echo ' has-warning';} ?>">
													<span class="input-group-addon"><i class="fa fa-fw fa-phone-square" aria-hidden="true"></i></span>
													<input id="order_popup_phone" class="form-control<?php if ($buyoneclick_field2_required) { echo ' required';} ?>" type="tel" name="phone" placeholder="<?php if ($buyoneclick_validation_status) { echo $buyoneclick_validation_type; } else { echo $buyoneclick_field2_title; } ?>"<?php if ($buyoneclick_validation_status) {echo ' data-pattern="true"';} else {echo ' data-pattern="false"';} ?>>
												</div>
												<br />
											<?php } ?>
											<?php if ($buyoneclick_field3_status) { ?>
												<div class="input-group<?php if ($buyoneclick_field3_required) { echo ' has-warning';} ?>">
													<span class="input-group-addon"><i class="fa fa-fw fa-envelope" aria-hidden="true"></i></span>
													<input id="order_popup_email" class="form-control<?php if ($buyoneclick_field3_required) { echo ' required';} ?>" type="email" name="email" placeholder="<?php echo $buyoneclick_field3_title; ?>">
												</div>
												<br />
											<?php } ?>
											<?php if ($buyoneclick_field4_status) { ?>
												<div class="form-group<?php if ($buyoneclick_field4_required) { echo ' has-warning';} ?>">
													<textarea id="order_popup_message" class="form-control<?php if ($buyoneclick_field4_required) { echo ' required';} ?>" name="message" rows="3" placeholder="<?php echo $buyoneclick_field4_title; ?>" ></textarea>
												</div>
											<?php } ?>
											<?php if ($buyoneclick_agree_status !=0) { ?>
												<div class="checkbox">
													<label>
														<input id="checkbox_agree" type="checkbox" name="order_popup_agree" class="required" value="1"> <?=$buyoneclick_text_agree;?> 
													</label>
												</div>
											<?php } ?>											
										</div>
										<div class="clearfix"></div>
								</div>
								<div class="modal-footer">
									<div class="col-sm-2 hidden-xs">
									</div>
									<div class="col-sm-8 col-xs-12">
										<button type="submit" class="btn btn-lg btn-block btn-default"><?php echo $buyoneclick_button_order; ?></button>
									</div>
									<div class="col-sm-2 hidden-xs">
									</div>
								</div>
									</fieldset>
								</form>
							</div>
						</div>
					</div>
					<div id="success" class="modal fade">
						<div class="modal-dialog">
							<div class="modal-content">
								<div class="modal-body">
									<div class="text-center"><?php echo $buyoneclick_success_field; ?></div>
								</div>
							</div>
						</div>
					</div>
					<script>
						$(document).ready(function() {
							$(".button.order").click(function(){
								var product_name = $(this).attr('data-product');
								var product_url = $(this).attr('data-product_url');
								<?php if ($buyoneclick_img_status) { ?>
									var product_img = $(this).attr('data-product_img');
									var product_price = $(this).attr('data-product_price');
								<?php } ?>
								$("#order").find("h2.modal-title").text(product_name);
								<?php if ($buyoneclick_img_status) { ?>
									$("#order").find(".modal-body .thumbnail img").attr('src', product_img);
									$("#order").find(".modal-body .price h3").text(product_price);
								<?php } ?>
								$("#order").find('input[name="product"]').val("<a href='" + product_url + "'>" + product_name + "</a>");
								// console.log(product_name);
							});
						});
					</script>
				<?php } ?>
            ]]></add>
		</operation>
		<operation>
			<search regex="true"><![CDATA[
				/<div class="button-group">(.*?)<\/div>/is
			]]></search>
			<add position="after"><![CDATA[
				<div class="button-group">$1</div>
				<?php if ($buyoneclick_status_category) { ?>
					<div class="button-group"><button class="button btn-block order" <?php if ($buyoneclick_ya_status || $buyoneclick_google_status) { ?> onClick="clickAnalytic(); return true;" <?php } ?> type="button" data-toggle="modal" data-target="#order" data-product="<?php echo $product['name']; ?>" data-product_url="<?php echo $product['href']; ?>" data-product_img="<?php echo $product['thumb']; ?>" data-product_price="<?php if ($product['price']) { ?><?php if (!$product['special']) { ?><?php echo $product['price']; ?><?php } else { ?><?php echo $product['special']; ?><?php } } ?>" style="display:block; width:100%;"><?php echo $buyoneclick_name; ?></button></div>
				<?php } ?>
			]]></add>
        </operation>
    </file>
</modification>