<?xml version="1.0" encoding="utf-8"?>
	<modification>
		<id>Shipping Data for Simple checkout and registration (apimain)</id>
    	<version>1.2.0</version>
    	<author>Prorab337</author>
		<vqmver>2.5.0</vqmver>
  		
  		<file name="catalog/model/tool/simpleapimain.php">
    		<operation>
    			<search position="after"><![CDATA[static $data = array();]]></search>
    			<add><![CDATA[
    				/* START Shipping Data */
    				public function getShippingCities($zoneId) {
					    $this->load->model('module/shippingdata');
					    	
					    if (isset($this->session->data['shipping_method'], $this->session->data['shipping_method']['code'])) {
							$shipping_method = $this->session->data['shipping_method']['code'];
						} else {
							$shipping_method = '';
						}
							
					    $values = array(
					    	array(
					    		'id'   => '',
					            'text' => $this->language->get('text_select')
					        )
					    );
					        
					        
						require_once(DIR_SYSTEM . 'helper/novaposhta.php');
										
						$novaposhta = new NovaPoshta($this->registry);
										
						$this->load->model('localisation/zone');
										
						$zone_info = $this->model_localisation_zone->getZone($zoneId);
										
						if ($zone_info) {
							$filter = $novaposhta->getAreaRef($zone_info['name']);
						} else {
							$filter = '';
						}

						$results = $this->model_module_shippingdata->getNovaPoshtaCities($filter);
								
						if (!$results) {
							$values[] = array(
								'id'   => 0,
								'text' => $this->language->get('text_none')
							);
						} else {
							foreach ($results as $result) {
								$values[] = array(
									'id'   => trim($result['Description']),
									'text' => trim($result['Description'])
							    );
							}
						}
							
					    return $values;
					}
					    
					public function getShippingWarehouses($cityName) {
					    $this->load->model('module/shippingdata');
					    	
					    if (isset($this->session->data['shipping_method'], $this->session->data['shipping_method']['code'])) {
							$shipping_method = $this->session->data['shipping_method']['code'];
						} else {
							$shipping_method = '';
						}
							
					    $values = array(
					    	array(
					    		'id'   => '',
					    		'text' => $this->language->get('text_select')
					    	)
					    );

					    $results = $this->model_module_shippingdata->getNovaPoshtaWarehouses($cityName);
								
						if (!$results) {
							$values[] = array(
								'id'   => 0,
								'text' => $this->language->get('text_none')
							);
						} else {
							foreach ($results as $result) {
								$values[] = array(
									'id'   => trim($result['Description']),
									'text' => trim($result['Description'])
								);
							}
						}
							
					    return $values;
					}
					/* END Shipping Data */
        		]]></add>
    		</operation>
  		</file>
  		
  		<file name="catalog/view/theme/*/template/checkout/simplecheckout_shipping.tpl">
    		<operation>
    			<search position="replace" index="1"><![CDATA[</label>]]></search>
    			<add><![CDATA[
    				<!-- START Shipping Data -->
					<?php if (isset($quote['text_period']) && $quote['text_period']) { ?>
						<br/>
						<?php echo $quote['text_period']; ?>
					<?php } ?>
					<!-- END Shipping Data -->
					</label>
        		]]></add>
    		</operation>
  		</file>
  
	</modification>