<?xml version="1.0" encoding="utf-8"?>
	<modification>
		<id>Shipping Data for Simple checkout and registration v. 3.X.X</id>
    	<version>1.2.0</version>
    	<author>GMaks</author>
		<vqmver>2.5.0</vqmver>
    	
    	<file name="catalog/controller/checkout/simplecheckout.php">
    		<operation>
    			<search position="after"><![CDATA[public function index(]]></search>
    			<add><![CDATA[
    				/* START Shipping Data */
					$this->document->addStyle('catalog/view/theme/default/stylesheet/shippingdata.css');
					/* END Shipping Data */
        		]]></add>
    		</operation>
  		</file>
  		
  		<file name="catalog/view/theme/*/template/checkout/simplecheckout.tpl">
    		<operation>
    			<search position="before"><![CDATA[<?php include]]></search>
    			<add><![CDATA[
				<!-- START Shipping Data -->
				<script type="text/javascript"><!--
					// Autocomplete for shipping addresses
					(function ($) {
						var methods = {
							init: function (options) {
								return this.each(function () {
									var $this = $(this);
									var data = $this.data('autocompleteAddress');

									// If the plugin is not yet initialized
									if (!data) {
										$this.timer = null;
										$this.items = new Array();

										$.extend($this, options);

										$this.attr('autocomplete', 'new-password');

										// Focus
										$this.on('focus.autocompleteAddress', function () {
											$this.request('');
										} );

										// Blur
										$this.on('blur.autocompleteAddress', function () {
											setTimeout(function (object) {
												object.hide();
											}, 200, $this);
										} );

										// Keydown
										$this.on('keydown.autocompleteAddress', function (event) {
											switch (event.keyCode) {
												case 27: // escape
													$this.hide();
													break;
												default:
													$this.request();
													break;
											}
										} );

										// Click
										$this.click = function (event) {
											event.preventDefault();

											var value = $(event.target).parent().attr('data-value');

											if (value && $this.items[value]) {
												$this.select($this.items[value]);
											}
										}

										// Show
										$this.show = function () {
											var pos = $this.position();

											$this.siblings('ul.' + $this.class).css({
												'top': pos.top + $this.outerHeight(),
												'left': pos.left
											});

											$this.siblings('ul.' + $this.class).show();
										}

										// Hide
										$this.hide = function () {
											$this.siblings('ul.' + $this.class).hide();
										}

										// Request
										$this.request = function (search) {
											clearTimeout($this.timer);

											$this.timer = setTimeout(function (object) {
												search = (typeof(search) === 'undefined') ? object.val() : search;

												object.source(search, $.proxy(object.response, object));
											}, 200, $this);
										}

										// Response
										$this.response = function (json) {
											var html = '';

											if (json.length) {
												for (i = 0; i < json.length; i++) {
													this.items[json[i]['value']] = json[i];

													html += '<li data-value="' + json[i]['value'] + '"><a href="#">' + json[i]['label'] + '</a></li>';
												}
											}

											if (html && $this.is(':focus')) {
												$this.show();
											} else {
												$this.hide();
											}

											$this.siblings('ul.' + $this.class).html(html);
										}

										$this.after('<ul class="' + $this.class + '"></ul>');
										$this.siblings('ul.' + $this.class).delegate('a', 'click', $.proxy($this.click, $this));
										$this.data('autocompleteAddress', true);
									}
								} );
							},
							destroy: function () {
								return this.each(function () {
									var $this = $(this);

									$this.removeData('autocompleteAddress');

									$this.off('.autocompleteAddress');
								} );
							}
						};

						$.fn.autocompleteAddress = function (method) {
							if (methods[method]) {
								return methods[method].apply(this, Array.prototype.slice.call(arguments, 1));
							} else if (typeof (method) === 'object' || !method) {
								return methods.init.apply(this, arguments);
							} else {
								$.error('Method "' + method + '" does not exist for jQuery.autocompleteAddress');
							}
						}
					} )(window.jQuery);

					// ShippingData object
					function ShippingData() {
						var self = this;
						var src, method, lang;

						self.methods_city = [
							'novaposhta.warehouse',
							'novaposhta.doors'
						];

						self.methods_address = [
							'novaposhta.warehouse'
						];

						self.setProp = function () {
							self.method = $('input[name="shipping_method"]:checked').val() || $('select[name="shipping_method"]').val();

							self.lang =  $('html').attr('lang');
						}

						self.handlerChanges = function (name, value) {
							if ($.inArray(self.method, self.methods_city.concat(self.methods_address)) != - 1) {
								if (name.match(/zone/i)) {
									$('input[name*="city"]:visible').val('');
									$('input[name*="address_1"]:visible').val('');
								} else if (name.match(/city/i)) {
									$('input[name*="address_1"]:visible').val('');
								} else if (name.match(/shipping\_method/i)) {
									$('input[name*="city"]:visible').autocompleteAddress('destroy');
									$('input[name*="address_1"]:visible').val('').autocompleteAddress('destroy');

									self.method = value;
								}
							} else if ($.inArray(value, self.methods_city.concat(self.methods_address)) != - 1) {
								if (name.match(/shipping\_method/i)) {
									$('input[name*="city"]:visible').val('');
									$('input[name*="address_1"]:visible').val('');

									self.method = value;
								}
							}
						}

						self.getAddress = function (element, search) {
							var filter, action;

							if (element[0].name.match(/city/i)) {
								action = 'getCities';
								filter = $('[name*="zone"]:visible').val() || '';
							} else if (element[0].name.match(/address_1/i)) {
								action = 'getWarehouses';
								filter = $('[name*="city"]:visible').val();
							}

							if (!search) {
								search = element[0].value;
							}

							return $.ajax( {
								url: 'index.php?route=module/shippingdata/getShippingData',
								type: 'POST',
								data: 'shipping=' + self.method + '&action=' + action + '&filter=' + encodeURIComponent(filter) + '&search=' + encodeURIComponent(search),
								dataType: 'json',
								global: false,
								success: function (json) {
									self.src = json;
								}
							} );
						}
					}

					// DOOM loaded
					$(function () {
						var shippingData = new ShippingData();

						// Settings properties after DOOM load
						shippingData.setProp();

						// Settings properties after ajaxStop
						$(document).ajaxStop(function () {
							shippingData.setProp();

							// Simple checkout fix
							//$('.simplecheckout-block-content').css('overflow', 'visible');
							$('input[name*="city"]:visible, input[name*="address_1"]:visible').blur();
						} );

						// Check changes
						document.body.addEventListener('change', function(e) {
							shippingData.handlerChanges(e.target.name, e.target.value);
						}, true);

						$(document).on('change', '[name*="city"]:visible', function (e) {
							shippingData.handlerChanges(e.target.name, e.target.value);
						});

						// Add autocomplete for address
						$('body').on('focus', 'input[name*="city"]:visible, input[name*="address_1"]:visible', function () {
							if (this.name.match(/city/i) && $.inArray(shippingData.method, shippingData.methods_city) != - 1 || this.name.match(/address_1/i) && $.inArray(shippingData.method, shippingData.methods_address) != - 1) {
								$(this).autocompleteAddress( {
									source: function (request, response) {
										shippingData.getAddress(this, request).done(function () {
											response($.map(shippingData.src, function (item) {
												return {
													label: item['Description'],
													value: item['Description']
												}
											} ));
										} );
									},
									select: function (e) {
										if (e.value != this.val()) {
											this.val(e.value).trigger('change');

											simplecheckout_reload('checkout_address_changed');
										}
									},
									class: 'dropdown-address'
								} );
							}
						} );
					} );
				//--></script>
				<!-- END Shipping Data -->
        		]]></add>
    		</operation>
  		</file>
  		
  		<file name="catalog/view/theme/*/template/checkout/simplecheckout_shipping.tpl">
    		<operation>
    			<search position="replace" index="3"><![CDATA[</label>]]></search>
    			<add><![CDATA[
    				<!-- START Shipping Data -->
					<?php if (isset($quote['text_period']) && $quote['text_period']) { ?>
						<br/>
						<?php echo $quote['text_period']; ?>
					<?php } ?>
					<!-- END Shipping Data -->
					</label>
        		]]></add>
    		</operation>
  		</file>
  
	</modification>